source,location,commodity,delivery,cash_usd_per_bu,basis_cents_per_bu,futures_month,source_updated,captured_at_ct,url,frame_url,basis_status
CHS Brandon,Brandon,Soybeans,Oct 2026,12.23,-55.0,ZSX26,Not published in captured text,2026-10-09 12:36:26 PM CDT,https://www.chsbrandon.com/grain/cash-bids/,https://www.chsbrandon.com/grain/cash-bids/,posted
CHS Brandon,Brandon,Soybeans,Nov 2026,12.23,-55.0,ZSX26,Not published in captured text,2026-10-09 12:36:26 PM CDT,https://www.chsbrandon.com/grain/cash-bids/,https://www.chsbrandon.com/grain/cash-bids/,posted
CHS Brandon,Brandon,Soybeans,Dec 2026,12.34,-60.0,ZSF27,Not published in captured text,2026-10-09 12:36:26 PM CDT,https://www.chsbrandon.com/grain/cash-bids/,https://www.chsbrandon.com/grain/cash-bids/,posted
CHS Brandon,Brandon,Soybeans,Jan 2027,12.39,-55.0,ZSF27,Not published in captured text,2026-10-09 12:36:26 PM CDT,https://www.chsbrandon.com/grain/cash-bids/,https://www.chsbrandon.com/grain/cash-bids/,posted
CHS Brandon,Brandon,Soybeans,Feb 2027,12.3,-64.0,ZSF27,Not published in captured text,2026-10-09 12:36:26 PM CDT,https://www.chsbrandon.com/grain/cash-bids/,https://www.chsbrandon.com/grain/cash-bids/,posted
CHS Brandon,Brandon,Corn,Oct 2026,4.17,-57.0,ZCZ26,Not published in captured text,2026-10-09 12:36:26 PM CDT,https://www.chsbrandon.com/grain/cash-bids/,https://www.chsbrandon.com/grain/cash-bids/,posted
CHS Brandon,Brandon,Corn,Nov 2026,4.17,-57.0,ZCZ26,Not published in captured text,2026-10-09 12:36:26 PM CDT,https://www.chsbrandon.com/grain/cash-bids/,https://www.chsbrandon.com/grain/cash-bids/,posted
CHS Brandon,Brandon,Corn,Dec 2026,4.2,-54.0,ZCZ26,Not published in captured text,2026-10-09 12:36:26 PM CDT,https://www.chsbrandon.com/grain/cash-bids/,https://www.chsbrandon.com/grain/cash-bids/,posted
CHS Brandon,Brandon,Corn,Jan 2027,4.25,-63.0,ZCH27,Not published in captured text,2026-10-09 12:36:26 PM CDT,https://www.chsbrandon.com/grain/cash-bids/,https://www.chsbrandon.com/grain/cash-bids/,posted
CHS Brandon,Brandon,Corn,Feb 2027,4.28,-60.0,ZCH27,Not published in captured text,2026-10-09 12:36:26 PM CDT,https://www.chsbrandon.com/grain/cash-bids/,https://www.chsbrandon.com/grain/cash-bids/,posted
CHS Brandon,Canton,Soybeans,Oct 2026,12.23,-55.0,ZSX26,Not published in captured text,2026-10-09 12:36:26 PM CDT,https://www.chsbrandon.com/grain/cash-bids/,https://www.chsbrandon.com/grain/cash-bids/,posted
CHS Brandon,Canton,Soybeans,Nov 2026,12.23,-55.0,ZSX26,Not published in captured text,2026-10-09 12:36:26 PM CDT,https://www.chsbrandon.com/grain/cash-bids/,https://www.chsbrandon.com/grain/cash-bids/,posted
CHS Brandon,Canton,Soybeans,Dec 2026,12.34,-60.0,ZSF27,Not published in captured text,2026-10-09 12:36:26 PM CDT,https://www.chsbrandon.com/grain/cash-bids/,https://www.chsbrandon.com/grain/cash-bids/,posted
CHS Brandon,Canton,Soybeans,Jan 2027,12.39,-55.0,ZSF27,Not published in captured text,2026-10-09 12:36:26 PM CDT,https://www.chsbrandon.com/grain/cash-bids/,https://www.chsbrandon.com/grain/cash-bids/,posted
CHS Brandon,Canton,Soybeans,Feb 2027,12.3,-64.0,ZSF27,Not published in captured text,2026-10-09 12:36:26 PM CDT,https://www.chsbrandon.com/grain/cash-bids/,https://www.chsbrandon.com/grain/cash-bids/,posted
CHS Brandon,Canton,Corn,Oct 2026,4.19,-55.0,ZCZ26,Not published in captured text,2026-10-09 12:36:26 PM CDT,https://www.chsbrandon.com/grain/cash-bids/,https://www.chsbrandon.com/grain/cash-bids/,posted
CHS Brandon,Canton,Corn,Nov 2026,4.19,-55.0,ZCZ26,Not published in captured text,2026-10-09 12:36:26 PM CDT,https://www.chsbrandon.com/grain/cash-bids/,https://www.chsbrandon.com/grain/cash-bids/,posted
CHS Brandon,Canton,Corn,Dec 2026,4.21,-53.0,ZCZ26,Not published in captured text,2026-10-09 12:36:26 PM CDT,https://www.chsbrandon.com/grain/cash-bids/,https://www.chsbrandon.com/grain/cash-bids/,posted
CHS Brandon,Canton,Corn,Jan 2027,4.26,-62.0,ZCH27,Not published in captured text,2026-10-09 12:36:26 PM CDT,https://www.chsbrandon.com/grain/cash-bids/,https://www.chsbrandon.com/grain/cash-bids/,posted
CHS Brandon,Canton,Corn,Feb 2027,4.29,-59.0,ZCH27,Not published in captured text,2026-10-09 12:36:26 PM CDT,https://www.chsbrandon.com/grain/cash-bids/,https://www.chsbrandon.com/grain/cash-bids/,posted
CHS Brandon,Elkton,Soybeans,Oct 2026,12.09,-69.0,ZSX26,Not published in captured text,2026-10-09 12:36:26 PM CDT,https://www.chsbrandon.com/grain/cash-bids/,https://www.chsbrandon.com/grain/cash-bids/,posted
CHS Brandon,Elkton,Soybeans,Nov 2026,12.12,-66.0,ZSX26,Not published in captured text,2026-10-09 12:36:26 PM CDT,https://www.chsbrandon.com/grain/cash-bids/,https://www.chsbrandon.com/grain/cash-bids/,posted
CHS Brandon,Elkton,Soybeans,Dec 2026,12.19,-75.0,ZSF27,Not published in captured text,2026-10-09 12:36:26 PM CDT,https://www.chsbrandon.com/grain/cash-bids/,https://www.chsbrandon.com/grain/cash-bids/,posted
CHS Brandon,Elkton,Soybeans,Jan 2027,12.19,-75.0,ZSF27,Not published in captured text,2026-10-09 12:36:26 PM CDT,https://www.chsbrandon.com/grain/cash-bids/,https://www.chsbrandon.com/grain/cash-bids/,posted
CHS Brandon,Elkton,Soybeans,Feb 2027,12.1,-84.0,ZSF27,Not published in captured text,2026-10-09 12:36:26 PM CDT,https://www.chsbrandon.com/grain/cash-bids/,https://www.chsbrandon.com/grain/cash-bids/,posted
CHS Brandon,Elkton,Corn,Oct 2026,4.19,-55.0,ZCZ26,Not published in captured text,2026-10-09 12:36:26 PM CDT,https://www.chsbrandon.com/grain/cash-bids/,https://www.chsbrandon.com/grain/cash-bids/,posted
CHS Brandon,Elkton,Corn,Nov 2026,4.24,-50.0,ZCZ26,Not published in captured text,2026-10-09 12:36:26 PM CDT,https://www.chsbrandon.com/grain/cash-bids/,https://www.chsbrandon.com/grain/cash-bids/,posted
CHS Brandon,Elkton,Corn,Dec 2026,4.28,-46.0,ZCZ26,Not published in captured text,2026-10-09 12:36:26 PM CDT,https://www.chsbrandon.com/grain/cash-bids/,https://www.chsbrandon.com/grain/cash-bids/,posted
CHS Brandon,Elkton,Corn,Jan 2027,4.32,-56.0,ZCH27,Not published in captured text,2026-10-09 12:36:26 PM CDT,https://www.chsbrandon.com/grain/cash-bids/,https://www.chsbrandon.com/grain/cash-bids/,posted
CHS Brandon,Elkton,Corn,Feb 2027,4.32,-56.0,ZCH27,Not published in captured text,2026-10-09 12:36:26 PM CDT,https://www.chsbrandon.com/grain/cash-bids/,https://www.chsbrandon.com/grain/cash-bids/,posted
CHS Brandon,Luverne,Soybeans,Oct 2026,12.19,-59.0,ZSX26,Not published in captured text,2026-10-09 12:36:26 PM CDT,https://www.chsbrandon.com/grain/cash-bids/,https://www.chsbrandon.com/grain/cash-bids/,posted
CHS Brandon,Luverne,Soybeans,Nov 2026,12.22,-56.0,ZSX26,Not published in captured text,2026-10-09 12:36:26 PM CDT,https://www.chsbrandon.com/grain/cash-bids/,https://www.chsbrandon.com/grain/cash-bids/,posted
CHS Brandon,Luverne,Soybeans,Dec 2027,12.3,-64.0,ZSF27,Not published in captured text,2026-10-09 12:36:26 PM CDT,https://www.chsbrandon.com/grain/cash-bids/,https://www.chsbrandon.com/grain/cash-bids/,posted
CHS Brandon,Luverne,Soybeans,Jan 2027,12.3,-64.0,ZSF27,Not published in captured text,2026-10-09 12:36:26 PM CDT,https://www.chsbrandon.com/grain/cash-bids/,https://www.chsbrandon.com/grain/cash-bids/,posted
CHS Brandon,Luverne,Soybeans,Feb 2027,12.21,-73.0,ZSF27,Not published in captured text,2026-10-09 12:36:26 PM CDT,https://www.chsbrandon.com/grain/cash-bids/,https://www.chsbrandon.com/grain/cash-bids/,posted
CHS Brandon,Luverne,Corn,Oct 2026,4.29,-45.0,ZCZ26,Not published in captured text,2026-10-09 12:36:26 PM CDT,https://www.chsbrandon.com/grain/cash-bids/,https://www.chsbrandon.com/grain/cash-bids/,posted
CHS Brandon,Luverne,Corn,Nov 2026,4.29,-45.0,ZCZ26,Not published in captured text,2026-10-09 12:36:26 PM CDT,https://www.chsbrandon.com/grain/cash-bids/,https://www.chsbrandon.com/grain/cash-bids/,posted
CHS Brandon,Luverne,Corn,Dec 2026,4.29,-45.0,ZCZ26,Not published in captured text,2026-10-09 12:36:26 PM CDT,https://www.chsbrandon.com/grain/cash-bids/,https://www.chsbrandon.com/grain/cash-bids/,posted
CHS Brandon,Luverne,Corn,Jan 2027,4.33,-55.0,ZCH27,Not published in captured text,2026-10-09 12:36:26 PM CDT,https://www.chsbrandon.com/grain/cash-bids/,https://www.chsbrandon.com/grain/cash-bids/,posted
CHS Brandon,Luverne,Corn,Feb 2027,4.33,-55.0,ZCH27,Not published in captured text,2026-10-09 12:36:26 PM CDT,https://www.chsbrandon.com/grain/cash-bids/,https://www.chsbrandon.com/grain/cash-bids/,posted
CHS Brandon,Magnolia,Soybeans,Oct 2026,12.27,-51.0,ZSX26,Not published in captured text,2026-10-09 12:36:26 PM CDT,https://www.chsbrandon.com/grain/cash-bids/,https://www.chsbrandon.com/grain/cash-bids/,posted
CHS Brandon,Magnolia,Soybeans,Nov 2026,12.32,-46.0,ZSX26,Not published in captured text,2026-10-09 12:36:26 PM CDT,https://www.chsbrandon.com/grain/cash-bids/,https://www.chsbrandon.com/grain/cash-bids/,posted
CHS Brandon,Magnolia,Soybeans,Dec 2026,12.39,-55.0,ZSF27,Not published in captured text,2026-10-09 12:36:26 PM CDT,https://www.chsbrandon.com/grain/cash-bids/,https://www.chsbrandon.com/grain/cash-bids/,posted
CHS Brandon,Magnolia,Soybeans,Jan 2027,12.39,-55.0,ZSF27,Not published in captured text,2026-10-09 12:36:26 PM CDT,https://www.chsbrandon.com/grain/cash-bids/,https://www.chsbrandon.com/grain/cash-bids/,posted
CHS Brandon,Magnolia,Soybeans,Feb 2027,12.3,-64.0,ZSF27,Not published in captured text,2026-10-09 12:36:26 PM CDT,https://www.chsbrandon.com/grain/cash-bids/,https://www.chsbrandon.com/grain/cash-bids/,posted
CHS Brandon,Magnolia,Corn,Oct 2026,4.18,-56.0,ZCZ26,Not published in captured text,2026-10-09 12:36:26 PM CDT,https://www.chsbrandon.com/grain/cash-bids/,https://www.chsbrandon.com/grain/cash-bids/,posted
CHS Brandon,Magnolia,Corn,Nov 2026,4.18,-56.0,ZCZ26,Not published in captured text,2026-10-09 12:36:26 PM CDT,https://www.chsbrandon.com/grain/cash-bids/,https://www.chsbrandon.com/grain/cash-bids/,posted
CHS Brandon,Magnolia,Corn,Dec 2026,4.22,-52.0,ZCZ26,Not published in captured text,2026-10-09 12:36:26 PM CDT,https://www.chsbrandon.com/grain/cash-bids/,https://www.chsbrandon.com/grain/cash-bids/,posted
CHS Brandon,Magnolia,Corn,Jan 2027,4.26,-62.0,ZCH27,Not published in captured text,2026-10-09 12:36:26 PM CDT,https://www.chsbrandon.com/grain/cash-bids/,https://www.chsbrandon.com/grain/cash-bids/,posted
CHS Brandon,Magnolia,Corn,Feb 2027,4.26,-62.0,ZCH27,Not published in captured text,2026-10-09 12:36:26 PM CDT,https://www.chsbrandon.com/grain/cash-bids/,https://www.chsbrandon.com/grain/cash-bids/,posted
CHS Brandon,Marshall,Soybeans,Oct 2026,12.16,-62.0,ZSX26,Not published in captured text,2026-10-09 12:36:26 PM CDT,https://www.chsbrandon.com/grain/cash-bids/,https://www.chsbrandon.com/grain/cash-bids/,posted
CHS Brandon,Marshall,Soybeans,Nov 2026,12.22,-56.0,ZSX26,Not published in captured text,2026-10-09 12:36:26 PM CDT,https://www.chsbrandon.com/grain/cash-bids/,https://www.chsbrandon.com/grain/cash-bids/,posted
CHS Brandon,Marshall,Soybeans,Dec 2026,12.31,-63.0,ZSF27,Not published in captured text,2026-10-09 12:36:26 PM CDT,https://www.chsbrandon.com/grain/cash-bids/,https://www.chsbrandon.com/grain/cash-bids/,posted
CHS Brandon,Marshall,Soybeans,Jan 2027,12.31,-63.0,ZSF27,Not published in captured text,2026-10-09 12:36:26 PM CDT,https://www.chsbrandon.com/grain/cash-bids/,https://www.chsbrandon.com/grain/cash-bids/,posted
CHS Brandon,Marshall,Soybeans,Feb 2027,12.22,-72.0,ZSF27,Not published in captured text,2026-10-09 12:36:26 PM CDT,https://www.chsbrandon.com/grain/cash-bids/,https://www.chsbrandon.com/grain/cash-bids/,posted
CHS Brandon,Pipestone,Soybeans,Oct 2026,12.29,-49.0,ZSX26,Not published in captured text,2026-10-09 12:36:26 PM CDT,https://www.chsbrandon.com/grain/cash-bids/,https://www.chsbrandon.com/grain/cash-bids/,posted
CHS Brandon,Pipestone,Soybeans,Nov 2026,12.32,-46.0,ZSX26,Not published in captured text,2026-10-09 12:36:26 PM CDT,https://www.chsbrandon.com/grain/cash-bids/,https://www.chsbrandon.com/grain/cash-bids/,posted
CHS Brandon,Pipestone,Soybeans,Dec 2026,12.39,-55.0,ZSF27,Not published in captured text,2026-10-09 12:36:26 PM CDT,https://www.chsbrandon.com/grain/cash-bids/,https://www.chsbrandon.com/grain/cash-bids/,posted
CHS Brandon,Pipestone,Soybeans,Jan 2027,12.39,-55.0,ZSF27,Not published in captured text,2026-10-09 12:36:26 PM CDT,https://www.chsbrandon.com/grain/cash-bids/,https://www.chsbrandon.com/grain/cash-bids/,posted
CHS Brandon,Pipestone,Soybeans,Feb 2027,12.3,-64.0,ZSF27,Not published in captured text,2026-10-09 12:36:26 PM CDT,https://www.chsbrandon.com/grain/cash-bids/,https://www.chsbrandon.com/grain/cash-bids/,posted
CHS Brandon,Pipestone,Corn,Oct 2026,4.19,-55.0,ZCZ26,Not published in captured text,2026-10-09 12:36:26 PM CDT,https://www.chsbrandon.com/grain/cash-bids/,https://www.chsbrandon.com/grain/cash-bids/,posted
CHS Brandon,Pipestone,Corn,Nov 2026,4.19,-55.0,ZCZ26,Not published in captured text,2026-10-09 12:36:26 PM CDT,https://www.chsbrandon.com/grain/cash-bids/,https://www.chsbrandon.com/grain/cash-bids/,posted
CHS Brandon,Pipestone,Corn,Dec 2026,4.23,-51.0,ZCZ26,Not published in captured text,2026-10-09 12:36:26 PM CDT,https://www.chsbrandon.com/grain/cash-bids/,https://www.chsbrandon.com/grain/cash-bids/,posted
CHS Brandon,Pipestone,Corn,Jan 2027,4.27,-61.0,ZCH27,Not published in captured text,2026-10-09 12:36:26 PM CDT,https://www.chsbrandon.com/grain/cash-bids/,https://www.chsbrandon.com/grain/cash-bids/,posted
CHS Brandon,Pipestone,Corn,Feb 2027,4.27,-61.0,ZCH27,Not published in captured text,2026-10-09 12:36:26 PM CDT,https://www.chsbrandon.com/grain/cash-bids/,https://www.chsbrandon.com/grain/cash-bids/,posted
CHS Brandon,Ruthton,Soybeans,Oct 2026,12.29,-49.0,ZSX26,Not published in captured text,2026-10-09 12:36:26 PM CDT,https://www.chsbrandon.com/grain/cash-bids/,https://www.chsbrandon.com/grain/cash-bids/,posted
CHS Brandon,Ruthton,Soybeans,Nov 2026,12.32,-46.0,ZSX26,Not published in captured text,2026-10-09 12:36:26 PM CDT,https://www.chsbrandon.com/grain/cash-bids/,https://www.chsbrandon.com/grain/cash-bids/,posted
CHS Brandon,Ruthton,Soybeans,Dec 2026,12.39,-55.0,ZSF27,Not published in captured text,2026-10-09 12:36:26 PM CDT,https://www.chsbrandon.com/grain/cash-bids/,https://www.chsbrandon.com/grain/cash-bids/,posted
CHS Brandon,Ruthton,Soybeans,Jan 2027,12.39,-55.0,ZSF27,Not published in captured text,2026-10-09 12:36:26 PM CDT,https://www.chsbrandon.com/grain/cash-bids/,https://www.chsbrandon.com/grain/cash-bids/,posted
CHS Brandon,Ruthton,Soybeans,Feb 2027,12.3,-64.0,ZSF27,Not published in captured text,2026-10-09 12:36:26 PM CDT,https://www.chsbrandon.com/grain/cash-bids/,https://www.chsbrandon.com/grain/cash-bids/,posted
CHS Brandon,Ruthton,Corn,Oct 2026,4.19,-55.0,ZCZ26,Not published in captured text,2026-10-09 12:36:26 PM CDT,https://www.chsbrandon.com/grain/cash-bids/,https://www.chsbrandon.com/grain/cash-bids/,posted
CHS Brandon,Ruthton,Corn,Nov 2026,4.19,-55.0,ZCZ26,Not published in captured text,2026-10-09 12:36:26 PM CDT,https://www.chsbrandon.com/grain/cash-bids/,https://www.chsbrandon.com/grain/cash-bids/,posted
CHS Brandon,Ruthton,Corn,Dec 2026,4.23,-51.0,ZCZ26,Not published in captured text,2026-10-09 12:36:26 PM CDT,https://www.chsbrandon.com/grain/cash-bids/,https://www.chsbrandon.com/grain/cash-bids/,posted
CHS Brandon,Ruthton,Corn,Jan 2027,4.27,-61.0,ZCH27,Not published in captured text,2026-10-09 12:36:26 PM CDT,https://www.chsbrandon.com/grain/cash-bids/,https://www.chsbrandon.com/grain/cash-bids/,posted
CHS Brandon,Ruthton,Corn,Feb 2027,4.27,-61.0,ZCH27,Not published in captured text,2026-10-09 12:36:26 PM CDT,https://www.chsbrandon.com/grain/cash-bids/,https://www.chsbrandon.com/grain/cash-bids/,posted
CHS Brandon,Tracy,Soybeans,Oct 2026,12.19,-59.0,ZSX26,Not published in captured text,2026-10-09 12:36:26 PM CDT,https://www.chsbrandon.com/grain/cash-bids/,https://www.chsbrandon.com/grain/cash-bids/,posted
CHS Brandon,Tracy,Soybeans,Nov 2026,12.27,-51.0,ZSX26,Not published in captured text,2026-10-09 12:36:26 PM CDT,https://www.chsbrandon.com/grain/cash-bids/,https://www.chsbrandon.com/grain/cash-bids/,posted
CHS Brandon,Tracy,Soybeans,Dec 2026,12.39,-55.0,ZSF27,Not published in captured text,2026-10-09 12:36:26 PM CDT,https://www.chsbrandon.com/grain/cash-bids/,https://www.chsbrandon.com/grain/cash-bids/,posted
CHS Brandon,Tracy,Soybeans,Jan 2027,12.39,-55.0,ZSF27,Not published in captured text,2026-10-09 12:36:26 PM CDT,https://www.chsbrandon.com/grain/cash-bids/,https://www.chsbrandon.com/grain/cash-bids/,posted
CHS Brandon,Tracy,Soybeans,Feb 2027,12.3,-64.0,ZSF27,Not published in captured text,2026-10-09 12:36:26 PM CDT,https://www.chsbrandon.com/grain/cash-bids/,https://www.chsbrandon.com/grain/cash-bids/,posted
CHS Brandon,Tracy,Corn,Oct 2026,4.2,-54.0,ZCZ26,Not published in captured text,2026-10-09 12:36:26 PM CDT,https://www.chsbrandon.com/grain/cash-bids/,https://www.chsbrandon.com/grain/cash-bids/,posted
CHS Brandon,Tracy,Corn,Nov 2026,4.18,-56.0,ZCZ26,Not published in captured text,2026-10-09 12:36:26 PM CDT,https://www.chsbrandon.com/grain/cash-bids/,https://www.chsbrandon.com/grain/cash-bids/,posted
CHS Brandon,Tracy,Corn,Dec 2026,4.18,-56.0,ZCZ26,Not published in captured text,2026-10-09 12:36:26 PM CDT,https://www.chsbrandon.com/grain/cash-bids/,https://www.chsbrandon.com/grain/cash-bids/,posted
CHS Brandon,Tracy,Corn,Jan 2027,4.22,-66.0,ZCH27,Not published in captured text,2026-10-09 12:36:26 PM CDT,https://www.chsbrandon.com/grain/cash-bids/,https://www.chsbrandon.com/grain/cash-bids/,posted
CHS Brandon,Tracy,Corn,Feb 2027,4.22,-66.0,ZCH27,Not published in captured text,2026-10-09 12:36:26 PM CDT,https://www.chsbrandon.com/grain/cash-bids/,https://www.chsbrandon.com/grain/cash-bids/,posted
CHS Brandon,Worthing Ag Grain,Soybeans,Oct 2026,12.28,-50.0,ZSX26,Not published in captured text,2026-10-09 12:36:26 PM CDT,https://www.chsbrandon.com/grain/cash-bids/,https://www.chsbrandon.com/grain/cash-bids/,posted
CHS Brandon,Worthing Ag Grain,Soybeans,Nov 2026,12.28,-50.0,ZSX26,Not published in captured text,2026-10-09 12:36:26 PM CDT,https://www.chsbrandon.com/grain/cash-bids/,https://www.chsbrandon.com/grain/cash-bids/,posted
CHS Brandon,Worthing Ag Grain,Soybeans,Dec 2026,12.39,-55.0,ZSF27,Not published in captured text,2026-10-09 12:36:26 PM CDT,https://www.chsbrandon.com/grain/cash-bids/,https://www.chsbrandon.com/grain/cash-bids/,posted
CHS Brandon,Worthing Ag Grain,Soybeans,Jan 2027,12.44,-50.0,ZSF27,Not published in captured text,2026-10-09 12:36:26 PM CDT,https://www.chsbrandon.com/grain/cash-bids/,https://www.chsbrandon.com/grain/cash-bids/,posted
CHS Brandon,Worthing Ag Grain,Soybeans,Feb 2027,12.35,-59.0,ZSF27,Not published in captured text,2026-10-09 12:36:26 PM CDT,https://www.chsbrandon.com/grain/cash-bids/,https://www.chsbrandon.com/grain/cash-bids/,posted
CHS Brandon,Worthing Ag Grain,Corn,Oct 2026,4.24,-50.0,ZCZ26,Not published in captured text,2026-10-09 12:36:26 PM CDT,https://www.chsbrandon.com/grain/cash-bids/,https://www.chsbrandon.com/grain/cash-bids/,posted
CHS Brandon,Worthing Ag Grain,Corn,Nov 2026,4.24,-50.0,ZCZ26,Not published in captured text,2026-10-09 12:36:26 PM CDT,https://www.chsbrandon.com/grain/cash-bids/,https://www.chsbrandon.com/grain/cash-bids/,posted
CHS Brandon,Worthing Ag Grain,Corn,Dec 2026,4.26,-48.0,ZCZ26,Not published in captured text,2026-10-09 12:36:26 PM CDT,https://www.chsbrandon.com/grain/cash-bids/,https://www.chsbrandon.com/grain/cash-bids/,posted
CHS Brandon,Worthing Ag Grain,Corn,Jan 2027,4.31,-57.0,ZCH27,Not published in captured text,2026-10-09 12:36:26 PM CDT,https://www.chsbrandon.com/grain/cash-bids/,https://www.chsbrandon.com/grain/cash-bids/,posted
CHS Brandon,Worthing Ag Grain,Corn,Feb 2027,4.34,-54.0,ZCH27,Not published in captured text,2026-10-09 12:36:26 PM CDT,https://www.chsbrandon.com/grain/cash-bids/,https://www.chsbrandon.com/grain/cash-bids/,posted
Chandler Feed,Chandler,Corn,NC 26,4.24,-50.0,Dec 26 Corn,"Cash bids for Friday, October 09, 2026",2026-10-09 12:36:26 PM CDT,https://www.chandlerfeed.com/cash-bids,https://www.chandlerfeed.com/cash-bids,posted
Chandler Feed,Chandler,Corn,Dec 26,4.24,-50.0,Dec 26 Corn,"Cash bids for Friday, October 09, 2026",2026-10-09 12:36:26 PM CDT,https://www.chandlerfeed.com/cash-bids,https://www.chandlerfeed.com/cash-bids,posted
Chandler Feed,Chandler,Corn,Jan 27,4.34,-55.0,Mar 27 Corn,"Cash bids for Friday, October 09, 2026",2026-10-09 12:36:26 PM CDT,https://www.chandlerfeed.com/cash-bids,https://www.chandlerfeed.com/cash-bids,posted
Chandler Feed,Chandler,Corn,Feb 27,4.34,-55.0,Mar 27 Corn,"Cash bids for Friday, October 09, 2026",2026-10-09 12:36:26 PM CDT,https://www.chandlerfeed.com/cash-bids,https://www.chandlerfeed.com/cash-bids,posted
Chandler Feed,Chandler,Corn,March 27,4.34,-55.0,Mar 27 Corn,"Cash bids for Friday, October 09, 2026",2026-10-09 12:36:26 PM CDT,https://www.chandlerfeed.com/cash-bids,https://www.chandlerfeed.com/cash-bids,posted
Chandler Feed,Chandler,Corn,May 27,4.37,-60.0,May 27 Corn,"Cash bids for Friday, October 09, 2026",2026-10-09 12:36:26 PM CDT,https://www.chandlerfeed.com/cash-bids,https://www.chandlerfeed.com/cash-bids,posted
Chandler Feed,Chandler,Corn,July 27,4.43,-60.0,Jul 27 Corn,"Cash bids for Friday, October 09, 2026",2026-10-09 12:36:26 PM CDT,https://www.chandlerfeed.com/cash-bids,https://www.chandlerfeed.com/cash-bids,posted
Chandler Feed,Chandler,Corn,NC 27,4.39,-70.0,Dec 27 Corn,"Cash bids for Friday, October 09, 2026",2026-10-09 12:36:26 PM CDT,https://www.chandlerfeed.com/cash-bids,https://www.chandlerfeed.com/cash-bids,posted
Chandler Feed,Chandler,Soybeans,NC 26,12.3,-48.0,Nov 26 Soybeans,"Cash bids for Friday, October 09, 2026",2026-10-09 12:36:26 PM CDT,https://www.chandlerfeed.com/cash-bids,https://www.chandlerfeed.com/cash-bids,posted
Chandler Feed,Chandler,Soybeans,Dec 26,12.45,-50.0,Jan 27 Soybeans,"Cash bids for Friday, October 09, 2026",2026-10-09 12:36:26 PM CDT,https://www.chandlerfeed.com/cash-bids,https://www.chandlerfeed.com/cash-bids,posted
Chandler Feed,Chandler,Soybeans,Jan 27,12.5,-45.0,Jan 27 Soybeans,"Cash bids for Friday, October 09, 2026",2026-10-09 12:36:26 PM CDT,https://www.chandlerfeed.com/cash-bids,https://www.chandlerfeed.com/cash-bids,posted
Chandler Feed,Chandler,Soybeans,Feb 27,12.55,-50.0,Mar 27 Soybeans,"Cash bids for Friday, October 09, 2026",2026-10-09 12:36:26 PM CDT,https://www.chandlerfeed.com/cash-bids,https://www.chandlerfeed.com/cash-bids,posted
Chandler Feed,Chandler,Soybeans,March 27,12.55,-50.0,Mar 27 Soybeans,"Cash bids for Friday, October 09, 2026",2026-10-09 12:36:26 PM CDT,https://www.chandlerfeed.com/cash-bids,https://www.chandlerfeed.com/cash-bids,posted
Chandler Feed,Chandler,Soybeans,May 27,12.64,-50.0,May 27 Soybeans,"Cash bids for Friday, October 09, 2026",2026-10-09 12:36:26 PM CDT,https://www.chandlerfeed.com/cash-bids,https://www.chandlerfeed.com/cash-bids,posted
Chandler Feed,Chandler,Soybeans,July 27,12.59,-60.0,Jul 27 Soybeans,"Cash bids for Friday, October 09, 2026",2026-10-09 12:36:26 PM CDT,https://www.chandlerfeed.com/cash-bids,https://www.chandlerfeed.com/cash-bids,posted
Chandler Feed,Chandler,Soybeans,NC 27,11.78,-75.0,Nov 27 Soybeans,"Cash bids for Friday, October 09, 2026",2026-10-09 12:36:26 PM CDT,https://www.chandlerfeed.com/cash-bids,https://www.chandlerfeed.com/cash-bids,posted
